{
  "model": "MultiHorizonLSTM_v2",
  "horizons": [
    1,
    6,
    12,
    24
  ],
  "test_metrics": {
    "1": {
      "rmse": 0.6971988165128056,
      "mae": 0.49542516469955444,
      "r2": 0.9878703951835632,
      "n": 420067
    },
    "6": {
      "rmse": 1.5363794166427591,
      "mae": 1.0422027111053467,
      "r2": 0.9422367811203003,
      "n": 419937
    },
    "12": {
      "rmse": 2.1780707813668037,
      "mae": 1.5226727724075317,
      "r2": 0.8863096833229065,
      "n": 419854
    },
    "24": {
      "rmse": 2.961634732490874,
      "mae": 2.1109790802001953,
      "r2": 0.7963519096374512,
      "n": 419865
    }
  },
  "config": {
    "lookback": 24,
    "batch_size": 1024,
    "epochs": 20,
    "loss": "MSE"
  },
  "best_epoch": 2,
  "n_train_samples": 4302686
}