{
  "target_variable": "temperature_2m",
  "forecast_horizons": [
    1,
    6,
    12,
    24
  ],
  "lookback_window": 24,
  "persistence": {
    "validation": {
      "1": {
        "rmse": 0.703554936217651,
        "mae": 0.38892736947050105,
        "r2": 0.9876475276971578,
        "n_samples": 1452392
      },
      "6": {
        "rmse": 1.8036311042926092,
        "mae": 1.1672322758340692,
        "r2": 0.9188270378624166,
        "n_samples": 1448291
      },
      "12": {
        "rmse": 2.4615054871121465,
        "mae": 1.689762934917278,
        "r2": 0.8489210282441904,
        "n_samples": 1443148
      },
      "24": {
        "rmse": 2.9189950655353836,
        "mae": 2.0812099720100576,
        "r2": 0.7878054988920455,
        "n_samples": 1433372
      }
    },
    "test": {
      "1": {
        "rmse": 0.7716882704406078,
        "mae": 0.41689944546563024,
        "r2": 0.9878783680787263,
        "n_samples": 711047
      },
      "6": {
        "rmse": 1.9706927047454086,
        "mae": 1.2060913490109517,
        "r2": 0.9210351484231738,
        "n_samples": 706740
      },
      "12": {
        "rmse": 2.6965548859254356,
        "mae": 1.7699500818668783,
        "r2": 0.8525519107142145,
        "n_samples": 701749
      },
      "24": {
        "rmse": 3.534127083985523,
        "mae": 2.4147096298864525,
        "r2": 0.7480829573974852,
        "n_samples": 692220
      }
    }
  },
  "climatology": {
    "validation": {
      "1": {
        "rmse": 4.702101054155313,
        "mae": 3.459160397148736,
        "r2": 0.44887866773153995,
        "n_samples": 1452158
      },
      "6": {
        "rmse": 4.702101054155313,
        "mae": 3.459160397148736,
        "r2": 0.44887866773153995,
        "n_samples": 1452158
      },
      "12": {
        "rmse": 4.702101054155313,
        "mae": 3.459160397148736,
        "r2": 0.44887866773153995,
        "n_samples": 1452158
      },
      "24": {
        "rmse": 4.702101054155313,
        "mae": 3.459160397148736,
        "r2": 0.44887866773153995,
        "n_samples": 1452158
      }
    },
    "test": {
      "1": {
        "rmse": 10.348690341486199,
        "mae": 8.872199223921392,
        "r2": -1.1766890903141483,
        "n_samples": 710932
      },
      "6": {
        "rmse": 10.348690341486199,
        "mae": 8.872199223921392,
        "r2": -1.1766890903141483,
        "n_samples": 710932
      },
      "12": {
        "rmse": 10.348690341486199,
        "mae": 8.872199223921392,
        "r2": -1.1766890903141483,
        "n_samples": 710932
      },
      "24": {
        "rmse": 10.348690341486199,
        "mae": 8.872199223921392,
        "r2": -1.1766890903141483,
        "n_samples": 710932
      }
    }
  },
  "lstm": {
    "validation": {
      "1": {
        "rmse": 1.0064738054349012,
        "mae": 0.7963549494743347,
        "r2": 0.9715843796730042,
        "n_samples": 945962
      },
      "6": {
        "rmse": 1.2974937984928407,
        "mae": 0.9313435554504395,
        "r2": 0.9529613256454468,
        "n_samples": 943540
      },
      "12": {
        "rmse": 1.9217807157386,
        "mae": 1.421569585800171,
        "r2": 0.8973008990287781,
        "n_samples": 940764
      },
      "24": {
        "rmse": 3.170100425068122,
        "mae": 2.4121882915496826,
        "r2": 0.7227298617362976,
        "n_samples": 935306
      }
    },
    "test": {
      "1": {
        "rmse": 1.2930825174764269,
        "mae": 1.0210044384002686,
        "r2": 0.9583933353424072,
        "n_samples": 431484
      },
      "6": {
        "rmse": 1.5407566099456813,
        "mae": 1.0284066200256348,
        "r2": 0.9420382380485535,
        "n_samples": 428891
      },
      "12": {
        "rmse": 2.291859242988725,
        "mae": 1.6172956228256226,
        "r2": 0.8742789030075073,
        "n_samples": 425869
      },
      "24": {
        "rmse": 3.6792181084140996,
        "mae": 2.7120752334594727,
        "r2": 0.6857116222381592,
        "n_samples": 419865
      }
    },
    "config": {
      "hidden_dim": 64,
      "num_layers": 2,
      "dropout": 0.2,
      "epochs": 15,
      "batch_size": 256,
      "features": [
        "temperature_2m_normalized",
        "dewpoint_2m_normalized",
        "relative_humidity_2m_normalized",
        "wind_u_normalized",
        "wind_v_normalized",
        "hour_sin",
        "hour_cos",
        "doy_sin",
        "doy_cos"
      ]
    }
  },
  "created_at": "2026-02-05T17:34:02.828362"
}