{
  "model": "SpatioTemporalGNN",
  "config": {
    "temporal_hidden": 64,
    "spatial_hidden": 64,
    "n_temporal_layers": 2,
    "n_spatial_layers": 2,
    "dropout": 0.2,
    "lookback": 24,
    "batch_size": 32,
    "epochs": 20,
    "learning_rate": 0.001
  },
  "graph": {
    "type": "k-NN",
    "k": 8,
    "n_nodes": 822,
    "n_edges": 7842
  },
  "results": {
    "1": {
      "val": {
        "rmse": 1.6120887764274945,
        "mae": 1.0865097045898438,
        "r2": 0.9410650134086609
      },
      "test": {
        "rmse": 2.1631333322262596,
        "mae": 1.310148000717163,
        "r2": 0.9029589295387268
      }
    },
    "6": {
      "val": {
        "rmse": 1.6491443149207854,
        "mae": 1.11520254611969,
        "r2": 0.9384946227073669
      },
      "test": {
        "rmse": 2.3123631823507016,
        "mae": 1.4118521213531494,
        "r2": 0.8917911052703857
      }
    },
    "12": {
      "val": {
        "rmse": 1.7159489087899775,
        "mae": 1.188173770904541,
        "r2": 0.9336739778518677
      },
      "test": {
        "rmse": 2.32610084559771,
        "mae": 1.4435616731643677,
        "r2": 0.8918641209602356
      }
    },
    "24": {
      "val": {
        "rmse": 1.7918667866332667,
        "mae": 1.2394980192184448,
        "r2": 0.9278865456581116
      },
      "test": {
        "rmse": 2.453618771371345,
        "mae": 1.551693320274353,
        "r2": 0.8796597123146057
      }
    }
  },
  "created_at": "2026-02-06T10:07:40.421371"
}