{
  "model": "HybridGNN",
  "config": {
    "hidden_dim": 64,
    "dropout": 0.2,
    "lookback": 24,
    "max_neighbors": 8,
    "batch_size": 256,
    "epochs": 15
  },
  "results": {
    "1": {
      "val": {
        "rmse": 0.5483369360122287,
        "mae": 0.36931487917900085,
        "r2": 0.9915657639503479
      },
      "test": {
        "rmse": 0.6471877636579698,
        "mae": 0.4365216791629791,
        "r2": 0.9895775318145752
      },
      "spatial_weight": 0.251057505607605
    },
    "6": {
      "val": {
        "rmse": 1.2183045282276763,
        "mae": 0.8762332797050476,
        "r2": 0.9585279226303101
      },
      "test": {
        "rmse": 1.4641515291517415,
        "mae": 0.9794703125953674,
        "r2": 0.9476585984230042
      },
      "spatial_weight": 0.22662855684757233
    },
    "12": {
      "val": {
        "rmse": 1.7894346691313185,
        "mae": 1.3306852579116821,
        "r2": 0.9109588265419006
      },
      "test": {
        "rmse": 2.1512645639816514,
        "mae": 1.499678134918213,
        "r2": 0.8892306089401245
      },
      "spatial_weight": 0.3085733652114868
    },
    "24": {
      "val": {
        "rmse": 2.517205162625707,
        "mae": 1.9492686986923218,
        "r2": 0.8251787424087524
      },
      "test": {
        "rmse": 3.0845700095077575,
        "mae": 2.2440760135650635,
        "r2": 0.7790944576263428
      },
      "spatial_weight": 0.4341600239276886
    }
  },
  "created_at": "2026-02-10T02:29:21.148566"
}